{
  "project_info": {
    "project_number": "44267639004",
    "project_id": "gg12-8d0c4",
    "storage_bucket": "gg12-8d0c4.appspot.com"
  },
  "client": [
    {
      "client_info": {
        "mobilesdk_app_id": "1:44267639004:android:ed63070d53b9d542bc2419",
        "android_client_info": {
          "package_name": "com.example.gg"
        }
      },
      "oauth_client": [
        {
          "client_id": "44267639004-iua8qbq83vpshkq077k2a02m1me7i5q5.apps.googleusercontent.com",
          "client_type": 3
        }
      ],
      "api_key": [
        {
          "current_key": "AIzaSyBE7apPEy1fT_ZgXoMHLpz0jJ6zOYjclcI"
        }
      ],
      "services": {
        "appinvite_service": {
          "other_platform_oauth_client": [
            {
              "client_id": "44267639004-iua8qbq83vpshkq077k2a02m1me7i5q5.apps.googleusercontent.com",
              "client_type": 3
            }
          ]
        }
      }
    }
  ],
  "configuration_version": "1"
}